<?xml version="1.0"?>
<doc>
    <assembly>
        <name>ErikEJ.EntityFrameworkCore.SqlServer.Dacpac</name>
    </assembly>
    <members>
        <member name="T:SqlSharpener.DataTypeHelper">
            <summary>
            Helps map a data type to similar datatypes in different environments.
            </summary>
        </member>
        <member name="M:SqlSharpener.DataTypeHelper.#ctor">
            <summary>
            Prevents a default instance of the <see cref="T:SqlSharpener.DataTypeHelper"/> class from being created. 
            Created from this reference: https://msdn.microsoft.com/en-us/library/cc716729%28v=vs.110%29.aspx
            </summary>
        </member>
        <member name="P:SqlSharpener.DataTypeHelper.Instance">
            <summary>
            Gets the instance.
            </summary>
            <value>
            The instance.
            </value>
        </member>
        <member name="M:SqlSharpener.DataTypeHelper.ToDataType(System.String,SqlSharpener.TypeFormat,SqlSharpener.TypeFormat)">
            <summary>
            Converts the specified source data type into the specified destination data type.
            </summary>
            <param name="sourceDataType">The source data type. For example <c>bigint</c>.</param>
            <param name="sourceFormat">The format of the the sourceDataType parameter.</param>
            <param name="destinationFormat">The format to convert the sourceDataType parameter to.</param>
            <returns>
            The converted data type.
            </returns>
            <exception cref="T:System.NotSupportedException"></exception>
        </member>
        <member name="M:SqlSharpener.DataTypeHelper.GetMap(SqlSharpener.TypeFormat,System.String)">
            <summary>
            Gets a single data type dictionary with values for each TypeFormat by finding the specified entry in the list of data type dictionaries.
            </summary>
            <param name="lookupFormat">The TypeFormat of the lookupValue parameter.</param>
            <param name="lookupValue">The value to identify the dictionary to return.</param>
            <returns>
            The first data type dictionary that contains the specified TypeFormat and value.
            </returns>
        </member>
        <member name="M:SqlSharpener.DataTypeHelper.GetMap(SqlSharpener.DataTypes)">
            <summary>
            Gets a single data type dictionary with values for each TypeFormat 
            </summary>
            <param name="dataType">Type of the data.</param>
            <returns></returns>
        </member>
        <member name="T:SqlSharpener.TypeFormat">
            <summary>
            The different types of datatypes available.
            </summary>
        </member>
        <member name="F:SqlSharpener.TypeFormat.SqlServerDbType">
            <summary>
            The SQL server database type
            </summary>
            <example>"bigint"</example>
        </member>
        <member name="F:SqlSharpener.TypeFormat.DotNetFrameworkType">
            <summary>
            The dot net framework type
            </summary>
            <example>"Int64?"</example>
        </member>
        <member name="F:SqlSharpener.TypeFormat.SqlDbTypeEnum">
            <summary>
            The SqlDbTypeEnum type
            </summary>
            <example>"BigInt"</example>
        </member>
        <member name="F:SqlSharpener.TypeFormat.SqlDataReaderSqlType">
            <summary>
            The SQL data reader SQL type
            </summary>
            <example>"GetSqlInt64"</example>
        </member>
        <member name="F:SqlSharpener.TypeFormat.DbTypeEnum">
            <summary>
            The database type enum
            </summary>
            <example>"Int64"</example>
        </member>
        <member name="F:SqlSharpener.TypeFormat.SqlDataReaderDbType">
            <summary>
            The SQL data reader database type
            </summary>
            <example>"GetInt64"</example>
        </member>
        <member name="T:SqlSharpener.Model.Column">
            <summary>
            Represents a column in a table.
            </summary>
        </member>
        <member name="M:SqlSharpener.Model.Column.#ctor(System.String,System.Collections.Generic.IDictionary{SqlSharpener.TypeFormat,System.String},System.Boolean,System.Boolean,System.Int32,System.Int32,System.Int32)">
            <summary>
            Initializes a new instance of the <see cref="T:SqlSharpener.Model.Column" /> class.
            </summary>
            <param name="name">The name.</param>
            <param name="dataTypes">The data types.</param>
            <param name="isIdentity">if set to <c>true</c> [is identity].</param>
            <param name="isNullable">if set to <c>true</c> [is nullable].</param>
            <param name="precision">The precision.</param>
            <param name="scale">The scale.</param>
            <param name="length">The length.</param>
        </member>
        <member name="M:SqlSharpener.Model.Column.#ctor(Microsoft.SqlServer.Dac.Model.TSqlObject)">
            <summary>
            Initializes a new instance of the <see cref="T:SqlSharpener.Model.Column" /> class.
            </summary>
            <param name="tSqlObject">The TSqlObject representing the column.</param>
        </member>
        <member name="P:SqlSharpener.Model.Column.Name">
            <summary>
            Gets the name.
            </summary>
            <value>
            The name.
            </value>
        </member>
        <member name="P:SqlSharpener.Model.Column.DataTypes">
            <summary>
            Gets the data types.
            </summary>
            <value>
            The data types.
            </value>
        </member>
        <member name="P:SqlSharpener.Model.Column.IsIdentity">
            <summary>
            Gets or sets a value indicating whether this instance is an identity column.
            </summary>
            <value>
            <c>true</c> if this instance is an identity column; otherwise, <c>false</c>.
            </value>
        </member>
        <member name="P:SqlSharpener.Model.Column.IsNullable">
            <summary>
            Gets or sets a value indicating whether this instance is nullable.
            </summary>
            <value>
            <c>true</c> if this instance is nullable; otherwise, <c>false</c>.
            </value>
        </member>
        <member name="P:SqlSharpener.Model.Column.Precision">
            <summary>
            Gets or sets the precision.
            </summary>
            <value>
            The precision.
            </value>
        </member>
        <member name="P:SqlSharpener.Model.Column.Scale">
            <summary>
            Gets or sets the scale.
            </summary>
            <value>
            The scale.
            </value>
        </member>
        <member name="P:SqlSharpener.Model.Column.Length">
            <summary>
            Gets or sets the length.
            </summary>
            <value>
            The length.
            </value>
        </member>
        <member name="T:SqlSharpener.Model.Procedure">
            <summary>
            Represents a stored procedures
            </summary>
        </member>
        <member name="M:SqlSharpener.Model.Procedure.#ctor(Microsoft.SqlServer.Dac.Model.TSqlObject)">
            <summary>
            Initializes a new instance of the <see cref="T:SqlSharpener.Model.Procedure"/> class.
            </summary>
        </member>
        <member name="P:SqlSharpener.Model.Procedure.Selects">
            <summary>
            Gets the selects.
            </summary>
            <value>
            The selects.
            </value>
        </member>
        <member name="T:SqlSharpener.Model.Select">
            <summary>
            Represents a SELECT statement in a stored procedure.
            </summary>
        </member>
        <member name="M:SqlSharpener.Model.Select.#ctor(System.Collections.Generic.IEnumerable{SqlSharpener.Model.SelectColumn},System.Boolean,System.Collections.Generic.IDictionary{System.String,System.String})">
            <summary>
            Initializes a new instance of the <see cref="T:SqlSharpener.Model.Select"/> class.
            </summary>
            <param name="columns">The columns.</param>
            <param name="isSingleRow">if set to <c>true</c> the select statement uses a TOP 1 clause or is a function call.</param>
            <param name="tableAliases">The table aliases.</param>
        </member>
        <member name="M:SqlSharpener.Model.Select.#ctor(Microsoft.SqlServer.TransactSql.ScriptDom.QuerySpecification,System.Collections.Generic.IDictionary{System.String,SqlSharpener.DataType})">
            <summary>
            Initializes a new instance of the <see cref="T:SqlSharpener.Model.Select"/> class.
            </summary>
            <param name="querySpecification">The query specification.</param>
            <param name="bodyColumnTypes">The body column types.</param>
        </member>
        <member name="M:SqlSharpener.Model.Select.FillOuterJoins(System.Collections.Generic.List{System.String},Microsoft.SqlServer.TransactSql.ScriptDom.QualifiedJoin,System.Boolean)">
            <summary>
            Traverses the joins and gets a list of tables that have been outer joined.
            </summary>
            <param name="outerJoinedTables">The outer joined tables list.</param>
            <param name="qualifiedJoin">The qualified join.</param>
            <param name="isParentOuterJoined">if set to <c>true</c> a parent join was outer joined.</param>
        </member>
        <member name="P:SqlSharpener.Model.Select.Columns">
            <summary>
            Gets the columns.
            </summary>
            <value>
            The columns.
            </value>
        </member>
        <member name="P:SqlSharpener.Model.Select.IsSingleRow">
            <summary>
            Gets a value indicating whether this SELECT uses a TOP 1 clause or is a function call.
            </summary>
            <value>
            <c>true</c> if this instance uses a TOP 1 clause or is a function call; otherwise, <c>false</c>.
            </value>
        </member>
        <member name="P:SqlSharpener.Model.Select.TableAliases">
            <summary>
            Gets the table aliases.
            </summary>
            <value>
            The table aliases.
            </value>
        </member>
        <member name="T:SqlSharpener.Model.SelectColumn">
            <summary>
            Represents a column in a SELECT statement in a stored procedure.
            </summary>
        </member>
        <member name="M:SqlSharpener.Model.SelectColumn.#ctor(System.String,System.Collections.Generic.IDictionary{SqlSharpener.TypeFormat,System.String},System.Boolean)">
            <summary>
            Initializes a new instance of the <see cref="T:SqlSharpener.Model.SelectColumn" /> class.
            </summary>
            <param name="name">The name or alias.</param>
            <param name="dataTypes">The data types.</param>
            <param name="isNullable">if set to <c>true</c> [is nullable].</param>
        </member>
        <member name="M:SqlSharpener.Model.SelectColumn.#ctor(Microsoft.SqlServer.TransactSql.ScriptDom.SelectScalarExpression,System.Collections.Generic.IDictionary{System.String,SqlSharpener.DataType},System.Collections.Generic.IDictionary{System.String,System.String},System.Collections.Generic.IEnumerable{System.String})">
            <summary>
            Initializes a new instance of the <see cref="T:SqlSharpener.Model.SelectColumn" /> class.
            </summary>
            <param name="selectScalarExpression">The select scalar expression.</param>
            <param name="bodyColumnTypes">The body column types.</param>
            <param name="tableAliases">The table aliases.</param>
            <param name="outerJoinedTables">The aliases or names of tables that were outer joined. Used to determine if a non-nulllable column could still be null.</param>
            <exception cref="T:System.InvalidOperationException">Could not find column within BodyDependencies:  + fullColName</exception>
        </member>
        <member name="P:SqlSharpener.Model.SelectColumn.Name">
            <summary>
            Gets the name or alias.
            </summary>
            <value>
            The name or alias.
            </value>
        </member>
        <member name="P:SqlSharpener.Model.SelectColumn.DataTypes">
            <summary>
            Gets the data types.
            </summary>
            <value>
            The data types.
            </value>
        </member>
        <member name="P:SqlSharpener.Model.SelectColumn.IsNullable">
            <summary>
            Gets or sets a value indicating whether this instance is nullable.
            </summary>
            <value>
            <c>true</c> if this instance is nullable; otherwise, <c>false</c>.
            </value>
        </member>
        <member name="M:SqlSharpener.Model.SelectColumn.GetFullColumnName(System.Collections.Generic.IDictionary{System.String,System.String},System.Collections.Generic.IList{Microsoft.SqlServer.TransactSql.ScriptDom.Identifier})">
            <summary>
            Gets the fully qualified column name with any table aliases resolved.
            </summary>
            <param name="tableAliases">The table aliases.</param>
            <param name="identifiers">The identifiers in the MultiPartIdentifier.</param>
            <returns>
            The fully qualified column name.
            </returns>
        </member>
        <member name="T:SqlSharpener.Model.Table">
            <summary>
            Represents a table in the model.
            </summary>
        </member>
        <member name="M:SqlSharpener.Model.Table.#ctor(System.String,System.Collections.Generic.IEnumerable{SqlSharpener.Model.Column})">
            <summary>
            Initializes a new instance of the <see cref="T:SqlSharpener.Model.Table"/> class.
            </summary>
            <param name="name">The name of the table.</param>
            <param name="columns">The columns.</param>
        </member>
        <member name="M:SqlSharpener.Model.Table.#ctor(Microsoft.SqlServer.Dac.Model.TSqlObject)">
            <summary>
            Initializes a new instance of the <see cref="T:SqlSharpener.Model.Table" /> class.
            </summary>
            <param name="tSqlObject">The TSqlObject representing the table.</param>
        </member>
        <member name="P:SqlSharpener.Model.Table.Name">
            <summary>
            Gets the name of the table.
            </summary>
            <value>
            The name of the table.
            </value>
        </member>
        <member name="P:SqlSharpener.Model.Table.Columns">
            <summary>
            Gets the columns.
            </summary>
            <value>
            The columns.
            </value>
        </member>
    </members>
</doc>
